İSİM,CİNSİYET
YUSUF,E
EYMEN,E
MIRAÇ,E
ÖMER ASAF,E
ÖMER,E
MUSTAFA,E
KEREM,E
MIRAN,E
HAMZA,E
AHMET,E
MEHMET,E
ALI,E
EMIR,E
ALI ASAF,E
MUHAMMED ALI,E
YIĞIT,E
MUHAMMED,E
ALPARSLAN,E
ÇINAR,E
ARAS,E
UMUT,E
ALPEREN,E
AYAZ,E
BERAT,E
YUNUS EMRE,E
MERT,E
METEHAN,E
İBRAHIM,E
ERTUĞRUL,E
DENIZ,E
FURKAN,E
EMIRHAN,E
ENES,E
ARDA,E
HÜSEYIN,E
EMRE,E
HASAN,E
EREN,E
BURAK,E
ÖMER FARUK,E
İSMAIL,E
ABDULLAH,E
POYRAZ,E
YASIN,E
SAMET,E
NURI,E
NURULLAH,E
BERK,E
EFE,E
ÖMÜR,E
KAZIM,E
LEVENT,E
DENİZ,E
YUNUS,E
EYÜP,E
UĞUR,E
MURAT,E
BURAK,E
FATİH,E
TANER,E
MERCAN,E
ERGİN,E
İLYAS,E
NECATİ,E
KADİR,E
AYTEKİN,E
MUSA,E
GAZİ,E
MUDDALIP,E
İBRAHİM,E
SAVAŞ,E
ZEKAL,E
SEZGİN,E
SEDAT,E
YUSUF,E
ERDEM,E
ERHAN,E
NURİ,E
MEHMET,E
AHMET,E
MUTLU,E
KUBİLAY,E
ERCAN,E
SERDAR,E
CELAL,E
ARDA,E
ABDULLAH,E
VEYSEL,E
ŞEYHMUS,E
RAMAZAN,E
HAKAN,E
FETİ AHMET,E
ABDURRAHMAN,E
CENK,E
FUAT,E
EMRULLAH,E
YAKUP,E
TALİP,E
MEHMET NUR,E
SUAT,E
METİN,E
SEBAHATTİN,E
CEM,E
ALİ,E
ALI,E
ÖMER,E
ONUR,E
MAHMUT,E
BERİVAN,E
DOĞUKAN,E
DAVUT,E
MUSTAFA,E
MUHARREM,E
HÜSEYİN,E
CANDAN,E
ÇINAR,E
SEÇKİN ONUR,E
SERHAT,E
SİNAN AYDIN,E
SALTIK DOĞA,E
EMRE,E
HAMDİ,E
TANSU,E
AYKUT,E
SEZER,E
MUHARREM DENİZ,E
OĞUZ,E
SAMED,E
BARAN CAN,E
İLKER YİĞİT,E
ATA SEMİH,E
RIZA BERKAY,E
OĞUZHAN,E
AMAÇ,E
EREK,E
SERCAN,E
MAHSUN,E
BERAT,E
HAYDAR EFE,E
MURAT UĞUR,E
ERGÜL,E
LATİF BURAK,E
GÖKHAN,E
ATA,E
OKAN,E
MUHAMMED,E
UTKU,E
DELİL,E
ILGINCAN,E
CEM ÇAĞDAŞ,E
ORÇUN,E
VOLKAN,E
TURAL,E
ÖNİZ,E
ÖMÜR,E
ÖZDEN,E
BATUHAN,E
NURETTİN SERTAÇ,E
FEVZİ RIDVAN,E
HASAN ARAS,E
TAYLAN,E
FERİZ BİREY,E
ZEKİ BATUHAN,E
CEMAL CEMRAN,E
DURAN,E
EREN,E
OZAN,E
ALPER,E
YUSUF CAN,E
TALHA FEYYAZ,E
ERDAL,E
MUZAFFER,E
HAŞİM,E
VEYSİ,E
ARİF,E
ÜMİT,E
LEVENT,E
VEDAT,E
TARIK,E
HARUN,E
EROL,E
GÜNAY,E
İRFAN,E
HİKMET,E
ÂBIDIN,E
ACAR,E
ACUN,E
AFŞA,E
ADEM,E
ADIL,E
ADNAN,E
AFFAN,E
ÂGAH,E
ÂHI,E
AHMED,E
ALICAN,E
ÂLIŞAN,E
ALIŞIR,E
ALPASLAN,E
ALPER,E
ALTEMUR,E
ÂMIR,E
AMMÂR,E
AŞKIN,E
ATA,E
ATALAY,E
ATÂULLAH,E
AVŞAR,E
AYKAN,E
AYKUT,E
AYTEKIN,E
AYVAZ,E
BABACAN,E
BAHA,E
BAHADIR,E
BAHTIYAR,E
BARIN,E
BAKI,E
BALABAN,E
BARAN,E
BARBAROS,E
BARIŞ,E
BARLAS,E
BARTU,E
BATTAL,E
BATU,E
BEDIR,E
BEHCET,E
BEHLÜL,E
BEHNAN,E
BEHRAM,E
BEHZAT,E
BEKIR,E
BEKTAŞ,E
BERA,E
BERKAN,E
BERKIN,E
BEŞER,E
BEŞIR,E
BILAL,E
BILGEHAN,E
BIŞR,E
BUĞRA,E
BURHAN,E
BÜLENT,E
CAFER,E
CÂBIR,E
CAN,E
CANDAR,E
CANDAŞ,E
CANER,E
CANIB,E
CANKUT,E
CANPOLAT,E
CANTEKIN,E
CÂRULLAH,E
CELÂL,E
CELAYIR,E
CENGIZ,E
CEZMI,E
CIHAD,E
CIHANGIR,E
CIVAN,E
CIHANŞAH,E
CÜBEYR,E
CÜNEYT,E
CEYHUN,E
COŞKUN,E
ÇAĞAN,E
ÇAĞATAY,E
ÇAĞDAN,E
ÇAĞDAŞ,E
ÇAĞLAR,E
ÇAĞLAYAN,E
ÇAĞIL,E
ÇAĞIN,E
ÇAĞRI,E
ÇAKIR,E
ÇELEBI,E
ÇELIK,E
ÇETIN,E
DAĞHAN,E
DÂHI,E
DÂI,E
DÂNÂ,E
DANIŞ,E
DANIŞMEND,E
DÂVER,E
DEĞER,E
DEHA,E
DENİZ,E
DEMIRKAN,E
DILHAN,E
DILAVER,E
DOĞAN,E
DORUK,E
ECMEL,E
ECVET,E
EDE,E
EDHEM,E
EDIP,E
EDIS,E
EDIZ,E
EFDAL,E
EFKEN,E
EFLAH,E
EGE,E
EGEMEN,E
EKBER,E
EKIN,E
EKMEL,E
EKREM,E
ELVAN,E
EMCED,E
EMEK,E
ENDER,E
ENGIN,E
ENVER,E
ERCÜMEND,E
ERDEM,E
ERGÜN,E
ERHAN,E
ERKAM,E
ERKAN,E
ERKIN,E
ERMAN,E
EROL,E
ESAT,E
ESED,E
ESVED,E
EŞREF,E
ETEM,E
EVRAN,E
EYÜP,E
EZRAK,E
FADIL,E
FAHIR,E
FAZLI,E
FAHREDDIN,E
FAIK,E
FÂLIH,E
FARIS,E
FARUK,E
FASIH,E
FATIH,E
FATIN,E
FAYSAL,E
FAZLULLAH,E
FEDA,E
FEDAI,E
FERAMUZ,E
FERAMUŞ,E
FERDI,E
FERHAN,E
FERHAT,E
FERIDÜDDIN,E
FERIDUN,E
FERIT,E
FERMAN,E
FERRUH,E
FETTAH,E
FEVZI,E
FEYYÂZ,E
FEYZI,E
FEYZULLAH,E
FEZA,E
FIRAT,E
FUAT,E
FUZULI,E
GALIP,E
GANI,E
GAZANFER,E
GAZI,E
MEHMET,E
GENÇAY,E
GEVHERI,E
GIYAS,E
GIRAY,E
GÖKALP,E
GÖKAY,E
GÖKBAY,E
GÜRBÜZ,E
HABBAB,E
HABIL,E
HACIB,E
HAFI,E
HAFID,E
HAKAN,E
HAKEM,E
HAKI,E
HAKKI,E
HALDUN,E
HALIFE,E
HAN,E
HALIL,E
HALIM,E
HALIT,E
HALUK,E
HAMDI,E
HAMDULLAH,E
HAMIT,E
HAMMÂD,E
HANEFI,E
HANI,E
HARUN,E
HASEKI,E
HASIBI,E
HASIN,E
HÂTEM,E
HATTÂB,E
HATIP,E
HAYALI,E
HAYDAR,E
HAYRANI,E
HAYRI,E
HAYREDDIN,E
HAYRULLAH,E
HAŞIM,E
HAŞMET,E
HAZAR,E
HIFZI,E
HAZIM,E
HIZIR,E
HICABI,E
HILMI,E
HIMMET,E
HIŞAM,E
HUD,E
HULUSI,E
HURŞID.,E
HUZEYFE,E
HÜCCET,E
HURŞID,E
HÜDÂVENDIGÂR,E
HÜDAYI,E
HÜMAYUN,E
HÜSAMEDDIN,E
HÜSREV,E
İDRIS,E
İHSAN,E
İHVAN,E
İKRIME,E
İLHAMI,E
İLYAS,E
İLKAY,E
İLKER,E
İLTER,E
İMAM,E
İSLAM,E
İSMÂIL,E
İZZET,E
KAAN,E
KABIL,E
KADEM,E
KÂDIR,E
KADI,E
KALENDER,E
KAMRAN,E
KASIM,E
KAYAHAN,E
KAYRA,E
KÂZIM,E
KELEŞ,E
KEMAL,E
KERAMET,E
KERAMI,E
KEREMŞAH,E
KEŞŞAF,E
KILIÇ,E
KIYMET,E
KIRAM,E
KORKUT,E
KORAY,E
KUDDUSI,E
LATIF,E
LEVNI,E
LÜTFI,E
LÜTFULLAH,E
MACIT,E
MAHIR,E
MAHDUM,E
MAHMUD,E
MAHMUR,E
MURAT,E
MAZHAR,E
MEMUN,E
MECNUN,E
MEDENI,E
MERIÇ,E
MESTAN,E
METIN,E
MIR,E
MIRKELAM,E
MIRZA,E
MISBAH,E
MITHAT,E
MUAMMER,E
MUAZ,E
MUHARREM,E
MUHTAR,E
MUHTEREM,E
MUHTEŞEM,E
MUHYIDDIN,E
MUKTEDI,E
MUKTEDIR,E
MUKTEFI,E
MUSLIH,E
MUTAHHAR,E
MUTASIM,E
MUTEBER,E
MUTEMED,E
MUTLU,E
MUTTALIB,E
MÜBAREK,E
MÜBEŞŞIR,E
MÜJDAT,E
MÜKERREM,E
MÜLAYIM,E
MÜMTAZ,E
MÜREN,E
MÜRSEL,E
MÜŞIR,E
MÜZDAD,E
NABI,E
NAMDAR,E
NASREDDIN,E
NACI,E
NAIL,E
NAIM,E
NAZIM,E
NEBI,E
NECAT,E
NECATI,E
NECCAR,E
NECDET,E
NECMI,E
NEFI,E
NEJAT,E
NESIMI,E
NEŞET,E
NEVZAT,E
NEŞAT,E
NEZIH,E
NIHAT,E
NIJAD,E
NIYAZI,E
NIZAM,E
NUMAN,E
NUAYM,E
NUSRET,E
NÜZHET,E
OFLAZ,E
OGÜN,E
OĞULCAN,E
OĞUZ,E
OĞUZHAN,E
OKAN,E
OKTAY,E
OLCAY,E
OLCAYTO,E
ORHAN,E
OZAN,E
ÖKTEM,E
ÖNAY,E
ÖNDER,E
ÖVÜNÇ,E
PAMIR,E
PARS,E
PEKER,E
PEYAMI,E
POLAT,E
PUSAT,E
RACI,E
RACIH,E
RAFET,E
RAMAZAN,E
RAMI,E
RAMIZ,E
RAŞIT,E
RAUF,E
RECAI,E
RECEP,E
REFAH,E
RE'FET,E
REHA,E
REIS,E
RENAN,E
RESÜL,E
REŞAT,E
REŞID,E
RIFAT,E
RÜÇHAN,E
RIDVAN,E
RIZA,E
SADEDDIN,E
SADULLAH,E
SADUN,E
SAFA,E
SAFFET,E
SAFFAN,E
SALAHADDIN,E
SÂMAN,E
SEDAT,E
SELAMI,E
SELÇUK,E
SELMAN,E
SERDAR,E
SERHAT,E
SERTAÇ,E
SERVER,E
SEVBAN,E
SEYFI,E
SEYFULLAH,E
SEYMEN,E
SEYYID,E
TACEDDIN,E
TACI,E
TAHSIN,E
TAKI,E
TALAT,E
TALHA,E
TAMER,E
TAN,E
TANER,E
TANJU,E
TARIK,E
TAYFUR,E
TAYLAN,E
TAYYAR,E
ARDA,E
TEMEL,E
TEVFIK,E
TIMUR,E
TIMURTAŞ,E
TUFAN,E
TURGAY,E
TURANŞAH,E
TURGAY,E
TURGUT,E
UBEYDULLAH,E
UFUK,E
UĞUR,E
UĞURCAN,E
ULAÇ,E
ULAŞ,E
ULU,E
ULUÇ,E
ÜMIT,E
ÜNAL,E
ÜNALAN,E
ÜNALP,E
ÜNSAL/ÜNVER,E
ÜSAME,E
VAHDET,E
VAKKAS,E
VAKUR,E
VAKIF,E
VÂLÂ,E
VAROL,E
VECDI,E
VECIT,E
VECIHI,E
VEDAT,E
VEFA,E
VELI,E
VURAL,E
YAĞAN,E
YAĞIZ,E
YAHYA,E
YALIM,E
YALÇIN,E
YALVAÇ,E
YAMAÇ,E
YAMAN,E
YASER,E
YASIR,E
YAVER,E
YAVUZ,E
YEKTA,E
YILDIRIM,E
YILMAZ,E
YÜCEL,E
YÜKSEL,E
ZAFER,E
ZÂFIR,E
ZAHID,E
ZAHIR,E
ZAHIT,E
ZAMIR,E
ZEKAI,E
ZEKERIYYA,E
ZEYD,E
ZEYNEL,E
ZIVER,E
ZIYA,E
ZIYAD,E
ZÜBEYR,E
ZEYNEP,K
ELIF,K
DEFNE,K
ASEL,K
AZRA,K
EYLÜL,K
EBRAR,K
ASYA,K
ÖYKÜ,K
ECRIN,K
HIRANUR,K
MERYEM,K
MIRAY,K
DURU,K
ZEHRA,K
ESLEM,K
NEHIR,K
ZÜMRA,K
YAĞMUR,K
İKRA,K
ELA,K
LINA,K
ALYA,K
MELISA,K
ESILA,K
AYSIMA,K
DERIN,K
MELEK,K
AYŞE,K
DAMLA,K
MERVE,K
İREM,K
FATMA,K
RABIA,K
BÜŞRA,K
NISANUR,K
HATICE,K
EMINE,K
KÜBRA,K
SÜMEYYE,K
BEYZA,K
ESMA,K
SILA,K
ESRA,K
MELIKE,K
CEREN,K
BELINAY,K
HIRA,K
BETÜL,K
HURIYE,K
NUR,K
GÜLSEREN,K
EMİNE,K
SEVDA,K
EVİN,K
YILDIZ,K
NAİLE,K
HAZAL,K
ESİN,K
NERİMAN,K
BİNNUR,K
AYSUN,K
PELDA,K
SADAKA,K
ÇİĞDEM,K
REYHAN,K
LÜTFIYE,K
SİBEL,K
YETER,K
SABRI GÜNGÖR,K
SERPİL,K
FİLİZ,K
ÖZLEM,K
MEHTAP,K
PINAR,K
FIIIZ,K
KADER,K
NALAN,K
NESIFE,K
AYSEL,K
ZEHRİBAN,K
GÜLSÜM,K
AZİME,K
FADİME,K
BUKET,K
SULTAN,K
GULHANIM,K
HATİCE,K
HALİME,K
GULNUR,K
HALİSE,K
ALEV,K
ZİNET,K
ŞERİFE,K
SONGÜL,K
NURDAN,K
GURBET,K
TUĞBA,K
ASLI,K
HASRET,K
MAHİNUR,K
SUNA,K
DİYAR,K
SEVİM,K
BERRAK,K
ÜMMÜGÜLSÜM,K
NESİ BE,K
SENİHE,K
HABİBE,K
GÜLNUR,K
RAMAZAN,K
EMİNE GÜLAY,K
NURŞEN,K
NECMİYE,K
EMEL,K
SERVİN,K
DİLEK,K
GÜLÜMSER,K
AYGÜN,K
MÜJDE,K
RABİA,K
GÖKHAN,K
SEYFETTİN,K
GÜLÇİN,K
YASEMİN,K
ÖZGE,K
TİLSEM,K
EYLEM,K
İNCİ,K
AYÇA,K
SENA,K
GÜLÜZAR DEMET,K
ELİF,K
İREM ZEYNEP,K
OVIDIU,K
İZZET,K
HAZAR,K
GÜLCAN,K
ŞEN SILAY,K
BESTE,K
GÜNEŞ,K
IRMAK,K
ZERRİN,K
CANSU,K
FİDAN,K
ELVAN,K
ŞEYMA,K
MÜNEVVER SEVAL,K
DAMLA YASEMİN,K
NAZAN,K
BAHRİYE AYLİN,K
BURÇE,K
ASLIHAN,K
GÖZDE,K
ELİF FEYZA,K
HİLAL,K
OYA,K
NAZMİYE,K
BURÇİN,K
BERNA,K
ÜLKER,K
MEDİNE,K
KAMİLE,K
AYŞE FİRDEVS,K
HATİCE SERAY,K
GÖKÇE,K
ÖZNUR,K
GAMZE,K
NAZLI NURCAY,K
NERMİN,K
ASLICAN,K
NURAN,K
MENEKŞE,K
TUĞÇE,K
İDİL,K
SELİN,K
ECEM,K
TUTKU,K
POLİN HİRA,K
BAŞAK,K
CEMİLE,K
LIANE LINDA,K
MÜGE,K
ASLİ,K
İLKYAZ,K
NESA,K
SÜREYYA,K
YEŞİM,K
NUR MELTEM,K
NEJLA,K
AÇELYA,K
AÇILAY,K
ADAL,K
AFET,K
AFİFE ,K
AFİTAP ,K
AĞÇA,K
AHENK,K
AHSEN,K
AHU,K
AHUCAN,K
AHUEDA,K
AHUELA,K
AHUGÜL,K
AHUGÜZAR,K
AHUNAZ,K
AHUNİSA,K
AHUNUR,K
AHUSE,K
AHUŞEN,K
AJDA,K
AJLAN,K
AKASYA,K
AKEL,K
AKGÜN,K
AKSEV,K
AKSU,K
AKŞIN,K
AKTAN,K
ALA,K
ALAGÜL,K
ALÇİÇEK,K
ALÇİN,K
ALEDA,K
ALEYNA,K
ALGIN,K
ALGÜL,K
ALIM,K
ALKIM,K
ALKIZ,K
ALTIN,K
AMİNE,K
ANDAÇ,K
ANIL,K
ANKA,K
ARIN,K
ARKIN,K
ARMAĞAN,K
ARNİSA,K
ARSEN,K
ARSU,K
ARSUN,K
ARZU,K
ARZUCAN,K
ARZUGÜL,K
ARZUM,K
ARZUNAZ,K
ASALBİKE,K
ASENA,K
ASLIM,K
ASLINAZ,K
ASLINUR,K
ASLISU,K
ASU,K
ASUDE,K
ASUELA,K
AŞINA,K
AŞKIM,K
AŞKIN,K
AYBEN,K
AYBENİZ,K
AYBİKE,K
AYBİRGEN,K
AYCAN,K
AYÇAĞ,K
AYÇAN,K
AYÇİÇEK,K
AYDA,K
AYDAN,K
AYDENİZ,K
AYDONAT,K
AYEVİ,K
AYGEN,K
AYGÖNÜL,K
AYKAL,K
AYKIZ,K
AYKUT,K
AYLA,K
AYLAN,K
AYSAR,K
AYSEMA,K
AYSEREN,K
AYSIN,K
AYSU,K
AYŞEN,K
AYŞENUR,K
AYŞIL,K
AYŞİN,K
AYTU,K
AZİZE,K
ADALET ,K
ADNİYE ,K
AHU ,K
AİŞE ,K
ASİYE ,K
ASLI ,K
ASLIHAN ,K
ASUMAN ,K
ATİYE ,K
ATIFET ,K
AYFER ,K
AYLA ,K
AYLİN ,K
AYNUR ,K
AYPERİ ,K
AYTEN ,K
AYŞEGÜL ,K
AZİMET ,K
AZRA ,K
BADE,K
BAHA,K
BAHAR,K
BAHARGÜL,K
BALA,K
BALCA,K
BALIN,K
BALKIN,K
BALKIZ,K
BANU,K
BANUHAN,K
BEDİZ,K
BEGÜM,K
BEHİN,K
BEHİYE,K
BELDE,K
BELEMİR,K
BELEN,K
BELFÜ,K
BELGİ,K
BELGİN,K
BELGÜN,K
BELİN,K
BELİZ,K
BELKIS,K
BELMA,K
BELUR,K
BENAN,K
BENAY,K
BENEK,K
BENGÜ,K
BENGİSU,K
BENGÜL,K
BENİZ,K
BENNUR,K
BERGÜZAR,K
BERİA,K
BERİL,K
BERRİN,K
BERKE,K
BERRAN,K
BESİME,K
BESİSU,K
BESTEGÜL,K
BESTENİGAR,K
BETÜL,K
BİGE,K
BİHTER,K
BİKE,K
BİLCAN,K
BİLGE,K
BİLHAN,K
BİLLUR,K
BİLNAZ,K
BİLNUR,K
BİNAY,K
BİNGÜL,K
BİNNAZ,K
BİRAY,K
BİRBET,K
BİRGEN,K
BİRİCİK,K
BİRGÜL,K
BİRSEN,K
BİRSU,K
BURCU,K
BURÇAK,K
BUSE,K
BÜGE,K
BANU ,K
BEGÜM ,K
BEHİYE ,K
BENAN ,K
BENGİ ,K
BERAT ,K
BEREN ,K
BERİN ,K
BERİRE ,K
BERNA ,K
BESAMET ,K
BETİGÜL ,K
BETÜL ,K
BEYHATUN ,K
BEYLEM ,K
BEYZA ,K
BİLGE ,K
BİLGEHATUN ,K
BİNNAZ ,K
BİRGÜL ,K
BUKET ,K
BURÇ ,K
BURÇİN ,K
BURCU ,K
CAHİDE,K
CANAN,K
CANAY,K
CANDAN,K
CANDAŞ,K
CANEDA,K
CANEL,K
CANFEZA,K
CANKIZ,K
CANKUT,K
CANSEL,K
CANSIN,K
CAVİDAN,K
CELİLE,K
CEMRE,K
CENNET,K
CEVHER,K
CEVZA,K
CEYDA,K
CEYLAN,K
CİHANBANU,K
CİHANNUR,K
CANGÜL ,K
CAVİDAN ,K
CEYDA ,K
CEYLAN ,K
CİHANFER ,K
EBRU,K
ECE,K
ECEGÜN,K
ECENAZ,K
ECESU,K
ECMEL,K
EDA,K
EFİL,K
EGE,K
ELANAZ,K
ELANUR,K
ELÇİN,K
ELİFE,K
ELİZ,K
EMET,K
ENER,K
EREM,K
ERENDİZ,K
ERÇİL,K
ERDA,K
ESEN,K
ESENGÜL,K
ESER,K
ESİM,K
ESMACAN,K
ESMAGÜL,K
ESMANUR,K
ESNA,K
EŞAY,K
EŞLEM,K
EVA,K
EZGİ,K
EZGİN,K
FATMAGÜL,K
FAZİLET,K
FERAH,K
FERAHGÜL,K
FERAHNUR,K
FERAY,K
FERCAN,K
FERDA,K
FERDACAN,K
FERHAN,K
FERİ,K
FERİDE,K
FERİS,K
FERİSU,K
FERNUR,K
FERSUDE,K
FEYZA,K
FEZA,K
FİGEN,K
FİRDEVS,K
FİRUZE,K
FULYA,K
FUNDA,K
FÜRUZAN,K
GAYE,K
GAZAL,K
GAZEL,K
GELİNCİK,K
GENCAY,K
GERÇEK,K
GİZEM,K
GONCA,K
GONCAGÜL,K
GÖK,K
GÖKAY,K
GÖKBEN,K
GÖKÇENAZ,K
GÖKSU,K
GÖKYEL,K
GÖNEN,K
GÖNÜL,K
GÖNÜLGÜL,K
GÖRKE,K
GÖRKEM,K
GÖZDEM,K
GÖZDENAZ,K
GÖZDENUR,K
GÖZEN,K
GÜHER,K
GÜL,K
GÜLAL,K
GÜLAY,K
GÜLBAHAR,K
GÜLBEN,K
GÜLBİN,K
GÜLCE,K
GÜLÇİÇEK,K
GÜLDEN,K
GÜLEDA,K
GÜLEN,K
GÜLENAY,K
GÜLFEM,K
GÜLFER,K
GÜLGEN,K
GÜLGÜN,K
GÜLHAN,K
GÜLİN,K
GÜLİNAZ,K
GÜLİSTAN,K
GÜLİZ,K
GÜLİZAR,K
GÜLNİHAL,K
GÜLNİSA,K
GÜLPERİ,K
GÜLRİZ,K
GÜLRU,K
GÜLSANEM,K
GÜLSELİ(N),K
GÜLSU,K
GÜLSÜN,K
GÜLŞAH,K
GÜLŞEN,K
GÜLTEN,K
GÜN,K
GÜNAL,K
GÜNAN,K
GÜNAY,K
GÜNÇİÇEK,K
GÜNDEN,K
GÜNDÜZ,K
GÜNEY,K
GÜNHAN,K
GÜNNAZ,K
GÜNNUR,K
GÜNSU,K
GÜRAY,K
GÜRDAL,K
GÜVEN,K
GÜZ,K
GÜZEL,K
GÜZİN,K
GÜZÜN,K
HALE,K
HALENUR,K
HANDAN,K
HANDE,K
HANİFE,K
HARİKA,K
HASİBE,K
HASLET,K
HAVVA,K
HAYAL,K
HAYAT,K
HAZAN,K
HEVES,K
HELİN,K
HİCRAN,K
HİLÂL,K
HİLDE,K
HOŞSEDA,K
HÜLYA,K
HÜMA,K
HÜMEYRA,K
HÜNER,K
HÜRREM,K
HÜSNA,K